{"1": {"cash": [0, 7475.120000000001, 14954.04, 22442.04, 29930.04, 35546.04, 37416.04, 44896.04, 46765.64, 54243.92, 57983.42, 65461.88, 65461.88, 71075.48, 78558.68, 82300.28, 86041.88, 87912.68000000001, 95395.88, 97266.28, 101007.08, 106618.28, 114099.88, 121581.48000000001, 129064.68000000001, 136547.88, 144029.48, 151511.08000000002, 158992.68000000002, 164603.88000000003, 170215.08000000005, 175826.28000000006, 183307.88000000006, 185178.28000000006, 185178.28000000006, 185178.28000000006, 185178.28000000006, 185178.28000000006, 185178.28000000006, 185178.28000000006, 185178.28000000006, 185178.28000000006, 185178.28000000006, 185178.28000000006, 185178.28000000006, 185178.28000000006, 185178.28000000006, 185178.28000000006, 185178.28000000006, 185178.28000000006, 187048.68000000005, 187048.68000000005], "reward": [0, -25605.60063695314, -48513.53545171274, -68832.46306568227, -86684.38461996804, -104632.70377903387, -125750.65246693908, -139018.84946847937, -157356.61666657773, -167989.52522324838, -181357.29249130294, -189061.69975434264, -204246.24062073263, -212448.89460258282, -217057.75274912303, -224589.62482754418, -231331.5771967309, -239560.5643756982, -240710.9867308055, -247125.1258301283, -250992.82003001016, -252030.05168609694, -250017.49776014852, -246940.61296789636, -242912.85778850413, -238050.9053516813, -232471.41768355982, -226287.85655549922, -219615.28390576073, -214521.86163866392, -209201.9116132762, -203720.1565407884, -196252.9393127558, -194386.135006279, -194389.73070626985, -194393.32640664923, -194396.9221087154, -194400.5178106982, -194404.11351460274, -194407.70921855202, -194411.3049215596, -194414.90062424823, -194418.4963156993, -194422.09200433048, -194425.6876930207, -194429.28338202846, -194432.8790710646, -194436.47476014154, -194440.0704498442, -194443.6661379123, -192573.26613791232, -192573.26613791232], "inventory": [100, 